ciclo,cor_id,amostra,medicao,ph,cor,r,g,b,F1,F2,F3,F4,F5,F6,F7,F8,clear,nir
1,0,1,1,Acido,Violeta,128,0,255,111,476,709,922,921,1039,1367,935,2930,212
1,0,2,2,Acido,Violeta,128,0,255,111,477,710,922,920,1039,1367,935,2930,212
1,0,3,3,Acido,Violeta,128,0,255,111,476,709,921,920,1038,1366,935,2929,212
1,0,4,4,Acido,Violeta,128,0,255,111,477,710,921,920,1039,1367,935,2930,212
1,0,5,5,Acido,Violeta,128,0,255,111,477,710,921,920,1039,1367,935,2930,212
1,1,1,6,Acido,Indigo,75,0,130,111,477,710,921,920,1038,1366,935,2929,212
1,1,2,7,Acido,Indigo,75,0,130,111,477,710,921,920,1039,1367,935,2930,212
1,1,3,8,Acido,Indigo,75,0,130,111,477,710,921,920,1039,1367,935,2930,212
1,1,4,9,Acido,Indigo,75,0,130,111,477,710,921,920,1039,1367,935,2930,212
1,1,5,10,Acido,Indigo,75,0,130,111,477,710,921,920,1038,1366,934,2929,212
1,2,1,11,Acido,Azul,0,0,255,111,477,710,921,920,1039,1366,934,2929,212
1,2,2,12,Acido,Azul,0,0,255,111,477,710,921,920,1038,1366,934,2929,212
1,2,3,13,Acido,Azul,0,0,255,111,477,710,921,920,1039,1366,935,2930,212
1,2,4,14,Acido,Azul,0,0,255,111,477,710,921,920,1039,1367,935,2930,212
1,2,5,15,Acido,Azul,0,0,255,111,477,710,921,921,1039,1367,935,2931,212
1,3,1,16,Acido,Ciano,0,255,255,111,477,710,921,920,1039,1367,935,2930,212
1,3,2,17,Acido,Ciano,0,255,255,111,477,710,921,920,1039,1367,935,2930,212
1,3,3,18,Acido,Ciano,0,255,255,111,477,710,921,920,1039,1367,935,2931,212
1,3,4,19,Acido,Ciano,0,255,255,111,477,710,921,920,1039,1367,935,2931,212
1,3,5,20,Acido,Ciano,0,255,255,111,477,710,921,920,1039,1367,935,2931,212
1,4,1,21,Acido,Verde,0,255,0,111,477,710,921,920,1039,1367,935,2931,212
1,4,2,22,Acido,Verde,0,255,0,111,477,711,921,920,1039,1367,935,2931,212
1,4,3,23,Acido,Verde,0,255,0,111,477,710,921,920,1039,1367,935,2930,212
1,4,4,24,Acido,Verde,0,255,0,111,477,710,921,920,1038,1366,934,2929,212
1,4,5,25,Acido,Verde,0,255,0,111,477,710,921,920,1039,1367,935,2931,212
1,5,1,26,Acido,Amarelo,255,255,0,111,477,710,921,920,1039,1367,935,2931,212
1,5,2,27,Acido,Amarelo,255,255,0,111,477,710,921,920,1039,1367,935,2931,212
1,5,3,28,Acido,Amarelo,255,255,0,111,477,710,921,920,1039,1367,935,2931,212
1,5,4,29,Acido,Amarelo,255,255,0,111,477,711,921,920,1039,1366,935,2930,212
1,5,5,30,Acido,Amarelo,255,255,0,111,477,710,921,920,1039,1366,935,2930,212
1,6,1,31,Acido,Laranja,255,128,0,111,477,711,921,920,1039,1367,935,2931,212
1,6,2,32,Acido,Laranja,255,128,0,111,477,710,921,920,1038,1366,934,2929,212
1,6,3,33,Acido,Laranja,255,128,0,111,477,711,921,920,1039,1366,935,2930,212
1,6,4,34,Acido,Laranja,255,128,0,111,477,711,921,920,1039,1367,935,2931,212
1,6,5,35,Acido,Laranja,255,128,0,111,477,711,921,920,1039,1367,935,2931,212
1,7,1,36,Acido,Vermelho,255,0,0,111,477,711,921,920,1039,1367,935,2931,212
1,7,2,37,Acido,Vermelho,255,0,0,111,477,711,921,920,1039,1367,935,2931,212
1,7,3,38,Acido,Vermelho,255,0,0,111,477,711,921,920,1039,1367,935,2931,212
1,7,4,39,Acido,Vermelho,255,0,0,111,477,711,921,920,1039,1367,935,2931,212
1,7,5,40,Acido,Vermelho,255,0,0,111,477,710,921,920,1039,1366,935,2930,212
