etapa,nome_cor,r,g,b,matriz,led_ma,medicao,F1,F2,F3,F4,F5,F6,F7,F8,clear,nir
linear,Vermelho_0,0,0,0,1,0,1,0,0,0,0,0,0,0,0,0,0
linear,Vermelho_0,0,0,0,1,0,2,0,0,0,0,0,0,0,0,0,0
linear,Vermelho_0,0,0,0,1,0,3,0,0,0,0,0,0,0,0,0,0
linear,Vermelho_0,0,0,0,1,0,4,0,0,0,0,0,0,0,0,0,0
linear,Vermelho_0,0,0,0,1,0,5,0,0,0,0,0,0,0,0,0,0
linear,Vermelho_25,25,0,0,1,0,1,15,9,17,20,14,395,1235,27,633,61
linear,Vermelho_25,25,0,0,1,0,2,15,9,17,20,14,395,1237,27,634,61
linear,Vermelho_25,25,0,0,1,0,3,15,9,17,20,14,395,1237,27,633,61
linear,Vermelho_25,25,0,0,1,0,4,15,9,17,20,14,394,1236,27,633,61
linear,Vermelho_25,25,0,0,1,0,5,15,9,17,20,14,394,1236,27,633,61
linear,Vermelho_50,50,0,0,1,0,1,30,18,34,40,27,790,2486,55,1272,122
linear,Vermelho_50,50,0,0,1,0,2,30,18,34,40,27,789,2485,55,1271,122
linear,Vermelho_50,50,0,0,1,0,3,30,18,34,40,27,788,2483,55,1270,122
linear,Vermelho_50,50,0,0,1,0,4,30,18,34,40,27,789,2486,55,1271,122
linear,Vermelho_50,50,0,0,1,0,5,30,18,34,40,27,788,2484,55,1271,122
linear,Vermelho_75,75,0,0,1,0,1,45,27,51,61,41,1178,3727,83,1905,184
linear,Vermelho_75,75,0,0,1,0,2,45,27,51,60,41,1177,3730,83,1905,184
linear,Vermelho_75,75,0,0,1,0,3,45,27,51,61,41,1177,3730,83,1905,184
linear,Vermelho_75,75,0,0,1,0,4,45,27,51,61,41,1176,3726,83,1902,184
linear,Vermelho_75,75,0,0,1,0,5,45,27,51,60,41,1175,3726,83,1902,184
linear,Vermelho_100,100,0,0,1,0,1,60,36,68,81,54,1561,4969,111,2535,246
linear,Vermelho_100,100,0,0,1,0,2,60,36,68,80,54,1559,4968,111,2534,246
linear,Vermelho_100,100,0,0,1,0,3,59,36,68,80,54,1557,4965,111,2533,246
linear,Vermelho_100,100,0,0,1,0,4,59,36,68,80,54,1557,4968,111,2534,246
linear,Vermelho_100,100,0,0,1,0,5,59,36,68,80,54,1556,4966,111,2533,246
linear,Vermelho_125,125,0,0,1,0,1,74,45,85,100,68,1935,6200,139,3159,308
linear,Vermelho_125,125,0,0,1,0,2,74,45,85,100,68,1932,6199,139,3157,308
linear,Vermelho_125,125,0,0,1,0,3,74,45,85,100,68,1932,6200,139,3158,308
linear,Vermelho_125,125,0,0,1,0,4,74,45,85,100,68,1930,6196,139,3156,308
linear,Vermelho_125,125,0,0,1,0,5,74,45,85,100,67,1928,6194,139,3154,308
linear,Vermelho_150,150,0,0,1,0,1,89,54,102,120,81,2302,7428,167,3780,370
linear,Vermelho_150,150,0,0,1,0,2,89,54,102,120,81,2300,7429,167,3779,370
linear,Vermelho_150,150,0,0,1,0,3,89,54,102,120,81,2296,7423,167,3775,370
linear,Vermelho_150,150,0,0,1,0,4,89,54,102,120,81,2295,7421,167,3775,370
linear,Vermelho_150,150,0,0,1,0,5,89,54,102,120,81,2297,7427,167,3776,370
linear,Vermelho_175,175,0,0,1,0,1,103,63,119,140,94,2661,8645,195,4393,432
linear,Vermelho_175,175,0,0,1,0,2,103,63,119,140,94,2659,8646,195,4391,432
linear,Vermelho_175,175,0,0,1,0,3,103,63,119,140,94,2662,8658,196,4398,433
linear,Vermelho_175,175,0,0,1,0,4,104,64,120,141,95,2677,8718,197,4427,436
linear,Vermelho_175,175,0,0,1,0,5,104,64,120,141,95,2675,8714,197,4427,436
linear,Vermelho_200,200,0,0,1,0,1,119,73,136,161,108,3039,9946,226,5047,499
linear,Vermelho_200,200,0,0,1,0,2,119,73,136,161,108,3035,9938,226,5044,499
linear,Vermelho_200,200,0,0,1,0,3,118,73,136,161,108,3033,9939,226,5043,499
linear,Vermelho_200,200,0,0,1,0,4,117,72,135,159,107,3004,9844,224,4993,494
linear,Vermelho_200,200,0,0,1,0,5,117,72,135,159,107,3006,9856,224,4997,494
linear,Vermelho_255,255,0,0,1,0,1,150,92,172,203,136,3791,12544,287,6354,632
linear,Vermelho_255,255,0,0,1,0,2,149,92,172,202,136,3784,12538,287,6347,633
linear,Vermelho_255,255,0,0,1,0,3,149,92,172,202,136,3782,12544,287,6349,633
linear,Vermelho_255,255,0,0,1,0,4,149,92,172,202,136,3778,12540,287,6345,633
linear,Vermelho_255,255,0,0,1,0,5,149,92,172,202,136,3773,12532,287,6337,633
linear,Verde_0,0,0,0,1,0,1,0,0,0,0,0,0,0,0,0,0
linear,Verde_0,0,0,0,1,0,2,0,0,0,0,0,0,0,0,0,0
linear,Verde_0,0,0,0,1,0,3,0,0,0,0,0,0,0,0,0,0
linear,Verde_0,0,0,0,1,0,4,0,0,0,0,0,0,0,0,0,0
linear,Verde_0,0,0,0,1,0,5,0,0,0,0,0,0,0,0,0,0
linear,Verde_25,0,25,0,1,0,1,12,6,149,813,207,27,19,17,528,17
linear,Verde_25,0,25,0,1,0,2,12,5,149,813,206,27,19,17,528,17
linear,Verde_25,0,25,0,1,0,3,12,6,149,812,206,28,19,17,529,17
linear,Verde_25,0,25,0,1,0,4,12,6,149,813,206,27,19,17,529,17
linear,Verde_25,0,25,0,1,0,5,12,6,149,813,206,28,19,17,528,17
linear,Verde_50,0,50,0,1,0,1,24,11,300,1631,415,55,38,35,1061,35
linear,Verde_50,0,50,0,1,0,2,24,11,300,1631,415,55,38,35,1061,35
linear,Verde_50,0,50,0,1,0,3,24,11,300,1632,414,55,38,35,1060,35
linear,Verde_50,0,50,0,1,0,4,24,11,300,1631,414,55,38,35,1061,35
linear,Verde_50,0,50,0,1,0,5,24,11,300,1630,414,55,38,35,1060,35
linear,Verde_75,0,75,0,1,0,1,37,17,450,2446,622,83,57,52,1591,52
linear,Verde_75,0,75,0,1,0,2,37,17,450,2443,622,83,57,52,1590,52
linear,Verde_75,0,75,0,1,0,3,37,17,449,2445,622,83,57,52,1591,52
linear,Verde_75,0,75,0,1,0,4,37,17,450,2445,622,83,57,52,1590,52
linear,Verde_75,0,75,0,1,0,5,37,17,450,2446,622,83,57,52,1590,52
linear,Verde_100,0,100,0,1,0,1,49,23,599,3254,830,111,75,69,2117,70
linear,Verde_100,0,100,0,1,0,2,49,23,598,3255,830,111,75,70,2118,70
linear,Verde_100,0,100,0,1,0,3,49,23,599,3255,830,111,75,69,2118,70
linear,Verde_100,0,100,0,1,0,4,49,23,598,3252,830,111,75,69,2116,70
linear,Verde_100,0,100,0,1,0,5,49,23,598,3251,830,111,75,69,2118,69
linear,Verde_125,0,125,0,1,0,1,61,29,747,4059,1038,139,94,87,2644,87
linear,Verde_125,0,125,0,1,0,2,61,29,747,4057,1038,139,94,87,2642,87
linear,Verde_125,0,125,0,1,0,3,61,29,746,4055,1036,139,94,87,2641,87
linear,Verde_125,0,125,0,1,0,4,61,29,746,4056,1038,139,94,87,2642,87
linear,Verde_125,0,125,0,1,0,5,61,29,746,4056,1038,139,94,87,2641,87
linear,Verde_150,0,150,0,1,0,1,73,35,892,4853,1246,167,113,104,3163,104
linear,Verde_150,0,150,0,1,0,2,73,35,893,4852,1246,167,113,104,3164,104
linear,Verde_150,0,150,0,1,0,3,73,35,893,4851,1246,167,113,104,3163,104
linear,Verde_150,0,150,0,1,0,4,73,35,892,4852,1246,167,113,104,3161,104
linear,Verde_150,0,150,0,1,0,5,73,35,892,4850,1245,167,113,104,3162,104
linear,Verde_175,0,175,0,1,0,1,85,40,1039,5648,1453,195,131,121,3683,121
linear,Verde_175,0,175,0,1,0,2,85,40,1038,5646,1453,195,131,121,3680,121
linear,Verde_175,0,175,0,1,0,3,85,40,1037,5640,1453,195,131,121,3681,121
linear,Verde_175,0,175,0,1,0,4,85,40,1038,5643,1454,195,131,121,3683,121
linear,Verde_175,0,175,0,1,0,5,85,40,1039,5644,1453,195,131,121,3681,121
linear,Verde_200,0,200,0,1,0,1,97,46,1182,6429,1660,223,150,138,4196,138
linear,Verde_200,0,200,0,1,0,2,97,46,1182,6428,1661,223,150,138,4198,138
linear,Verde_200,0,200,0,1,0,3,97,46,1183,6430,1661,223,150,138,4197,138
linear,Verde_200,0,200,0,1,0,4,97,46,1182,6428,1660,223,150,138,4195,138
linear,Verde_200,0,200,0,1,0,5,97,46,1181,6424,1661,223,150,138,4194,138
linear,Verde_255,0,255,0,1,0,1,123,59,1503,8180,2126,285,191,175,5344,176
linear,Verde_255,0,255,0,1,0,2,123,59,1502,8173,2126,285,191,175,5340,176
linear,Verde_255,0,255,0,1,0,3,123,59,1500,8162,2125,285,191,175,5335,176
linear,Verde_255,0,255,0,1,0,4,123,59,1499,8162,2126,285,191,175,5338,176
linear,Verde_255,0,255,0,1,0,5,123,59,1500,8166,2127,285,191,175,5339,176
linear,Azul_0,0,0,0,1,0,1,0,0,0,0,0,0,0,0,0,0
linear,Azul_0,0,0,0,1,0,2,0,0,0,0,0,0,0,0,0,0
linear,Azul_0,0,0,0,1,0,3,0,0,0,0,0,0,0,0,0,0
linear,Azul_0,0,0,0,1,0,4,0,0,0,0,0,0,0,0,0,0
linear,Azul_0,0,0,0,1,0,5,0,0,0,0,0,0,0,0,0,0
linear,Azul_25,0,0,25,1,0,1,31,1129,564,37,20,19,26,44,916,8
linear,Azul_25,0,0,25,1,0,2,31,1129,564,37,20,19,26,44,915,8
linear,Azul_25,0,0,25,1,0,3,31,1128,564,37,20,19,26,44,914,8
linear,Azul_25,0,0,25,1,0,4,31,1128,564,37,20,19,26,44,914,8
linear,Azul_25,0,0,25,1,0,5,31,1129,564,37,20,19,26,44,916,8
linear,Azul_50,0,0,50,1,0,1,63,2267,1133,75,40,39,53,88,1838,16
linear,Azul_50,0,0,50,1,0,2,62,2267,1134,75,40,39,53,88,1837,16
linear,Azul_50,0,0,50,1,0,3,63,2267,1135,75,40,39,53,88,1839,16
linear,Azul_50,0,0,50,1,0,4,63,2268,1135,75,40,39,53,88,1838,16
linear,Azul_50,0,0,50,1,0,5,62,2266,1133,75,40,39,53,88,1838,16
linear,Azul_75,0,0,75,1,0,1,94,3399,1704,112,60,58,80,132,2759,24
linear,Azul_75,0,0,75,1,0,2,94,3399,1705,112,60,58,80,132,2758,24
linear,Azul_75,0,0,75,1,0,3,94,3398,1704,112,60,58,80,132,2757,24
linear,Azul_75,0,0,75,1,0,4,94,3396,1703,112,60,58,80,132,2758,24
linear,Azul_75,0,0,75,1,0,5,94,3399,1705,112,60,58,80,132,2758,24
linear,Azul_100,0,0,100,1,0,1,125,4524,2276,150,80,77,106,175,3674,32
linear,Azul_100,0,0,100,1,0,2,125,4520,2276,150,80,77,106,175,3674,32
linear,Azul_100,0,0,100,1,0,3,125,4523,2275,150,80,77,106,175,3675,32
linear,Azul_100,0,0,100,1,0,4,125,4524,2277,150,80,77,106,175,3675,32
linear,Azul_100,0,0,100,1,0,5,125,4519,2276,150,80,77,106,175,3673,32
linear,Azul_125,0,0,125,1,0,1,156,5639,2847,188,100,97,132,219,4589,40
linear,Azul_125,0,0,125,1,0,2,157,5642,2849,188,100,97,132,219,4587,40
linear,Azul_125,0,0,125,1,0,3,157,5639,2848,188,100,97,132,219,4585,40
linear,Azul_125,0,0,125,1,0,4,156,5634,2847,188,100,97,132,219,4584,40
linear,Azul_125,0,0,125,1,0,5,157,5640,2849,188,100,97,132,219,4587,40
linear,Azul_150,0,0,150,1,0,1,188,6752,3420,226,120,116,159,262,5494,48
linear,Azul_150,0,0,150,1,0,2,188,6744,3418,226,120,116,159,262,5492,48
linear,Azul_150,0,0,150,1,0,3,188,6745,3420,226,120,116,159,262,5495,48
linear,Azul_150,0,0,150,1,0,4,188,6748,3421,226,120,116,159,263,5496,48
linear,Azul_150,0,0,150,1,0,5,188,6744,3420,226,120,116,158,262,5490,48
linear,Azul_175,0,0,175,1,0,1,219,7844,3990,264,140,135,185,306,6398,56
linear,Azul_175,0,0,175,1,0,2,219,7847,3993,264,140,135,185,306,6398,56
linear,Azul_175,0,0,175,1,0,3,219,7846,3994,264,140,135,185,306,6393,56
linear,Azul_175,0,0,175,1,0,4,219,7840,3992,264,140,135,185,306,6395,55
linear,Azul_175,0,0,175,1,0,5,219,7841,3993,264,140,135,185,306,6398,56
linear,Azul_200,0,0,200,1,0,1,250,8942,4567,302,159,154,211,349,7299,63
linear,Azul_200,0,0,200,1,0,2,250,8931,4565,302,159,154,211,349,7295,63
linear,Azul_200,0,0,200,1,0,3,250,8929,4564,302,159,154,211,349,7298,63
linear,Azul_200,0,0,200,1,0,4,250,8934,4567,302,159,154,211,349,7295,63
linear,Azul_200,0,0,200,1,0,5,250,8931,4567,302,159,154,210,348,7294,63
linear,Azul_255,0,0,255,1,0,1,319,11357,5847,387,203,196,269,444,9293,81
linear,Azul_255,0,0,255,1,0,2,320,11352,5851,388,204,196,268,445,9295,81
linear,Azul_255,0,0,255,1,0,3,319,11343,5850,387,203,196,268,444,9287,81
linear,Azul_255,0,0,255,1,0,4,319,11331,5846,387,203,196,268,444,9285,81
linear,Azul_255,0,0,255,1,0,5,319,11329,5848,387,203,196,268,444,9284,81
superposicao,Escuro,0,0,0,1,0,1,0,0,0,0,0,0,0,0,0,0
superposicao,Escuro,0,0,0,1,0,2,0,0,0,0,0,0,0,0,0,0
superposicao,Escuro,0,0,0,1,0,3,0,0,0,0,0,0,0,0,0,0
superposicao,Escuro,0,0,0,1,0,4,0,0,0,0,0,0,0,0,0,0
superposicao,Escuro,0,0,0,1,0,5,0,0,0,0,0,0,0,0,0,0
superposicao,Amarelo_Medio,128,128,0,1,0,1,137,76,842,4218,1129,2058,6391,231,5872,404
superposicao,Amarelo_Medio,128,128,0,1,0,2,137,76,841,4207,1129,2049,6392,232,5869,405
superposicao,Amarelo_Medio,128,128,0,1,0,3,137,76,840,4204,1130,2045,6390,232,5865,406
superposicao,Amarelo_Medio,128,128,0,1,0,4,136,76,838,4198,1129,2040,6386,232,5859,405
superposicao,Amarelo_Medio,128,128,0,1,0,5,136,76,838,4196,1130,2038,6386,232,5856,405
superposicao,Amarelo_Pleno,255,255,0,1,0,1,268,151,1640,8234,2252,3893,12580,463,11488,808
superposicao,Amarelo_Pleno,255,255,0,1,0,2,267,151,1632,8201,2251,3866,12551,463,11453,809
superposicao,Amarelo_Pleno,255,255,0,1,0,3,267,151,1629,8186,2252,3851,12532,463,11438,809
superposicao,Amarelo_Pleno,255,255,0,1,0,4,267,151,1630,8184,2253,3845,12539,464,11439,810
superposicao,Amarelo_Pleno,255,255,0,1,0,5,267,151,1629,8178,2253,3835,12525,464,11428,809
superposicao,Ciano_Medio,0,128,128,1,0,1,221,5696,3672,4268,1163,240,230,310,7315,128
superposicao,Ciano_Medio,0,128,128,1,0,2,221,5710,3670,4279,1164,241,230,310,7324,128
superposicao,Ciano_Medio,0,128,128,1,0,3,221,5717,3672,4286,1163,241,230,310,7325,128
superposicao,Ciano_Medio,0,128,128,1,0,4,221,5716,3670,4284,1163,240,230,310,7323,128
superposicao,Ciano_Medio,0,128,128,1,0,5,221,5716,3671,4282,1162,240,230,310,7323,128
superposicao,Ciano_Pleno,0,255,255,1,0,1,440,11269,7325,8436,2321,479,456,614,14471,254
superposicao,Ciano_Pleno,0,255,255,1,0,2,439,11233,7327,8409,2320,478,455,613,14447,254
superposicao,Ciano_Pleno,0,255,255,1,0,3,439,11209,7319,8394,2321,478,455,612,14430,254
superposicao,Ciano_Pleno,0,255,255,1,0,4,439,11203,7326,8389,2321,479,455,613,14439,254
superposicao,Ciano_Pleno,0,255,255,1,0,5,439,11200,7327,8389,2322,479,454,612,14438,254
superposicao,Magenta_Medio,128,0,128,1,0,1,233,5692,3011,294,169,1956,6384,366,7791,358
superposicao,Magenta_Medio,128,0,128,1,0,2,234,5706,3009,294,169,1966,6393,367,7804,358
superposicao,Magenta_Medio,128,0,128,1,0,3,234,5713,3008,294,169,1969,6397,366,7810,358
superposicao,Magenta_Medio,128,0,128,1,0,4,234,5716,3008,294,169,1970,6391,366,7805,358
superposicao,Magenta_Medio,128,0,128,1,0,5,234,5715,3006,294,169,1970,6392,366,7804,357
superposicao,Magenta_Pleno,255,0,255,1,0,1,462,11209,6007,586,334,3778,12580,727,15332,712
superposicao,Magenta_Pleno,255,0,255,1,0,2,461,11171,6012,586,333,3756,12556,727,15312,712
superposicao,Magenta_Pleno,255,0,255,1,0,3,461,11145,6010,585,333,3743,12535,727,15293,712
superposicao,Magenta_Pleno,255,0,255,1,0,4,461,11133,6009,585,333,3739,12545,728,15299,713
superposicao,Magenta_Pleno,255,0,255,1,0,5,461,11136,6017,586,333,3733,12540,728,15292,713
superposicao,Branco_25,64,64,64,1,0,1,147,2866,1877,2182,615,1053,3243,227,5235,223
superposicao,Branco_25,64,64,64,1,0,2,148,2877,1876,2188,615,1058,3248,227,5241,223
superposicao,Branco_25,64,64,64,1,0,3,148,2883,1877,2192,615,1061,3250,227,5247,223
superposicao,Branco_25,64,64,64,1,0,4,148,2884,1876,2192,615,1062,3248,227,5245,222
superposicao,Branco_25,64,64,64,1,0,5,148,2882,1875,2192,615,1063,3249,227,5247,222
superposicao,Branco_50,128,128,128,1,0,1,294,5711,3743,4345,1229,2075,6455,453,10397,445
superposicao,Branco_50,128,128,128,1,0,2,293,5701,3743,4337,1229,2068,6448,453,10394,445
superposicao,Branco_50,128,128,128,1,0,3,293,5692,3742,4332,1228,2063,6440,452,10384,445
superposicao,Branco_50,128,128,128,1,0,4,293,5689,3741,4330,1228,2061,6439,453,10381,445
superposicao,Branco_50,128,128,128,1,0,5,293,5692,3745,4332,1228,2060,6444,453,10386,445
superposicao,Branco_75,192,192,192,1,0,1,437,8445,5597,6416,1836,2998,9543,676,15398,665
superposicao,Branco_75,192,192,192,1,0,2,436,8422,5599,6402,1837,2986,9535,676,15376,665
superposicao,Branco_75,192,192,192,1,0,3,436,8419,5603,6403,1839,2980,9542,676,15383,666
superposicao,Branco_75,192,192,192,1,0,4,436,8412,5606,6396,1838,2973,9531,676,15371,666
superposicao,Branco_75,192,192,192,1,0,5,436,8400,5603,6389,1838,2968,9521,676,15359,666
superposicao,Branco_100,255,255,255,1,0,1,575,11046,7438,8410,2445,3840,12540,897,20229,882
superposicao,Branco_100,255,255,255,1,0,2,575,11023,7443,8395,2447,3820,12528,897,20203,882
superposicao,Branco_100,255,255,255,1,0,3,575,10991,7440,8380,2446,3803,12498,896,20172,881
superposicao,Branco_100,255,255,255,1,0,4,574,10981,7438,8367,2446,3796,12489,897,20156,881
superposicao,Branco_100,255,255,255,1,0,5,575,10983,7449,8370,2448,3791,12502,897,20160,882
